NOMBRE,POKEDEX,TIPO 1,TIPO 2,GENERACION,COLORES,ETAPA DE EVOLUCION,ALTURA,PESO,HABILIDAD
bulbasaur,1,planta,veneno,1,verde - azul,1,0.7 m,6.9 kg,espesura
ivysaur,2,planta,veneno,1,verde - azul,2,1.0 m,13.0 kg,espesura
venusaur,3,planta,veneno,1,verde - azul,3,2.0 m,100.0 kg,espesura
charmander,4,fuego,ninguno,1,rojo,1,0.6 m,8.5 kg,mar llamas
charmeleon,5,fuego,ninguno,1,rojo,2,1.1 m,19.0 kg,mar llamas
charizard,6,fuego,volador,1,naranja,3,1.7 m,90.5 kg,mar llamas
squirtle,7,agua,ninguno,1,azul,1,0.5 m,9.0 kg,torrente
wartortle,8,agua,ninguno,1,azul,2,1.0 m,22.5 kg,torrente
blastoise,9,agua,ninguno,1,azul,3,1.6 m,85.5 kg,torrente
caterpie,10,bicho,ninguno,1,verde,1,0.3 m,2.9 kg,polvo escudo
metapod,11,bicho,ninguno,1,verde,2,0.7 m,9.9 kg,mudar
butterfree,12,bicho,volador,1,blanco - morado,3,1.1 m,32.0 kg,ojo compuesto
weedle,13,bicho,veneno,1,naranja,1,0.3 m,3.2 kg,polvo escudo
kakuna,14,bicho,veneno,1,amarillo,2,0.6 m,10.0 kg,mudar
beedrill,15,bicho,veneno,1,amarillo - negro,3,1.0 m,29.5 kg,enjambre
pidgey,16,normal ,volador,1,cafe - blanco,1,0.3 m,1.8 kg,vista lince
pidgeotto,17,normal ,volador,1,cafe - blanco,2,1.1 m,30.0 kg,vista lince
pidgeot,18,normal ,volador,1,cafe - blanco,3,1.5 m,39.5 kg,vista lince
rattata,19,normal ,ninguno,1,morado,1,0.3 m,9.5 kg,fuga
raticate,20,normal ,ninguno,1,cafe - blanco,2,0.7 m,32.0 kg,fuga
spearow,21,normal ,volador,1,cafe - blanco,1,0.3 m,7.0 kg,vista lince
fearow,22,normal ,volador,1,cafe - blanco,2,1.2 m,25.0 kg,vista lince
ekans,23,veneno,ninguno,1,morado,1,2.0 m,12.0 kg,intimidacion
arbok,24,veneno,ninguno,1,morado,2,3.5 m,62.0 kg,intimidacion
pikachu,25,electrico,ninguno,1,amarillo,2,0.4 m,6.0 kg,electricidad estatica
raichu,26,electrico,ninguno,1,naranja,3,0.8 m,30.0 kg,electricidad estatica
sandshrew,27,tierra,ninguno,1,cafe,1,0.6 m,12.0 kg,velo arena
sandslash,28,tierra,ninguno,1,cafe,2,1.0 m,55.0 kg,velo arena
nidoranHembra,29,veneno,ninguno,1,azul,1,0.4 m,9.0 kg,punto toxico
nidorina,30,veneno,ninguno,1,azul,2,0.7 m,19.5 kg,punto toxico
nidoqueen,31,veneno,tierra,1,azul,3,0.9 m,20.0 kg,punto toxico
nidoranMacho,32,veneno,ninguno,1,morado,1,1.4 m,62.0 kg,punto toxico
nidorino,33,veneno,ninguno,1,morado,2,0.8 m,9.0 kg,punto toxico
nidoking,34,veneno,tierra,1,morado,3,1.4 m,19.5 kg,punto toxico
clefairy,35,hada,ninguno,1,rosa,2,0.6 m,20.0 kg,gran encanto
clefable,36,hada,ninguno,1,rosa,3,1.3 m,40.0 kg,gran encanto
vulpix,37,fuego,ninguno,1,rojo,1,0.6 m,5.5 kg,absorbe fuego
ninetales,38,fuego,ninguno,1,blanco,2,1.1 m,19.9 kg,absorbe fuego
jigglypuff,39,normal ,hada,1,rosa,2,0.5 m,40.0 kg,gran encanto
wigglytuff,40,normal ,hada,1,rosa,3,1.2 m,12.0 kg,gran encanto
zubat,41,veneno,volador,1,morado - azul,1,0.8 m,55.0 kg,foco interno
golbat,42,veneno,volador,1,morado - azul,2,1.6 m,6.5 kg,foco interno
oddish,43,planta,veneno,1,azul - verde,1,0.5 m,75.0 kg,clorofila
gloom,44,planta,veneno,1,azul - rojo,2,0.8 m,5.4 kg,clorofila
vileplume,45,planta,veneno,1,azul - rojo,3,1.2 m,18.6 kg,clorofila
paras,46,bicho,planta,1,rojo,1,0.3 m,130.0 kg,efecto espora
parasect,47,bicho,planta,1,rojo,2,1.0 m,1.0 kg,efecto espora
venonat,48,bicho,veneno,1,morado,1,1.0 m,34.0 kg,ojo compuesto
venomoth,49,bicho,veneno,1,morado - blanco,2,1.5 m,54.5 kg,polvo escudo
diglett,50,tierra,ninguno,1,cafe,1,0.2 m,32.0 kg,trampa arena
dugtrio,51,tierra,ninguno,1,cafe,2,0.7 m,33.5 kg,aclimatacion
meowth,52,normal,ninguno,1,blanco,1,0.4 m,76.5 kg,recogida
persian,53,normal,ninguno,1,blanco,2,1.0 m,8.0 kg,experto
psyduck,54,agua,ninguno,1,amarillo,1,0.8 m,35.0 kg,aclimatacion
golduck,55,agua,ninguno,1,azul,2,1.7 m,19.6 kg,humedad
mankey,56,lucha,ninguno,1,blanco - cafe,1,0.5 m,62.0 kg,espiritu vital
primeape,57,lucha,ninguno,1,blanco - cafe,2,1.0 m,20.0 kg,espiritu vital
growlithe,58,fuego,ninguno,1,naranja - negro,1,0.7 m,70.0 kg,intimidacion
arcanine,59,fuego,ninguno,1,naranja - negro,2,1.9 m,19.0 kg,intimidacion
poliwag,60,agua,ninguno,1,azul - blanco,1,0.6 m,155.0 kg,absorbe agua
poliwhirl,61,agua,ninguno,1,azul - blanco,2,1.0 m,12.0 kg,absorbe agua
poliwrath,62,agua,lucha,1,azul - blanco,3,1.3 m,19.5 kg,absorbe agua
abra,63,psiquico,ninguno,1,amarillo,1,0.9 m,54.0 kg,sincronia
kadabra,64,psiquico,ninguno,1,amarillo,2,1.3 m,48.0 kg,sincronia
alakazam,65,psiquico,ninguno,1,amarillo,3,1.5 m,56.0 kg,sincronia
machop,66,lucha,ninguno,1,gris,1,0.8 m,130.0 kg,agallas
machoke,67,lucha,ninguno,1,gris,2,1.5 m,43.0 kg,agallas
machamp,68,lucha,ninguno,1,gris,3,1.6 m,45.0 kg,agallas
bellsprout,69,planta,veneno,1,amarillo - verde,1,0.7 m,7.0 kg,clorofila
weepinbell,70,planta,veneno,1,amarillo - verde,2,1.0 m,20.0 kg,clorofila
victreebel,71,planta,veneno,1,amarillo - verde,3,1.7 m,105.0 kg,clorofila
tentacool,72,agua,veneno,1,azul,1,0.9 m,4.0 kg,cuerpo puro
tentacruel,73,agua,veneno,1,azul,2,1.6 m,55.0 kg,cuerpo puro
geodude,74,roca,tierra,1,cafe,1,0.4 m,20.0 kg,cabeza roca
graveler,75,roca,tierra,1,cafe,2,1.0 m,105.0 kg,cabeza roca
golem,76,roca,tierra,1,cafe,3,1.4 m,300.0 kg,cabeza roca
ponyta,77,fuego,ninguno,1,blanco - rojo,1,1.0 m,30.0 kg,fuga
rapidash,78,fuego,ninguno,1,blanco - rojo,2,1.7 m,95.0 kg,absorbe fuego
slowpoke,79,agua,psiquico,1,rosa,1,1.2 m,36.0 kg,despiste
slowbro,80,agua,psiquico,1,rosa,2,1.6 m,78.5 kg,despiste
magnemite,81,electrico,acero,1,gris,1,0.3 m,6.0 kg,magnetismo
magneton,82,electrico,acero,1,gris,2,1.0 m,60.0 kg,magnetismo
farfetchd,83,normal,volador,1,cafe,1,0.8 m,15.0 kg,vista lince
doduo,84,normal,volador,1,cafe,1,1.4 m,39.2 kg,vista lince
dodrio,85,normal,volador,1,cafe,2,1.8 m,85.2 kg,pararrayos
seel,86,agua,ninguno,1,blanco,1,1.1 m,90.0 kg,cuerpo llama
dewgong,87,agua,hielo,1,blanco,2,1.7 m,120.0 kg,cuerpo llama
grimer,88,veneno,ninguno,1,morado,1,0.9 m,30.0 kg,levitacion
muk,89,veneno,ninguno,1,morado,1,1.2 m,30.0 kg,robustez
shellder,90,agua,ninguno,1,morado,1,0.3 m,4.0 kg,robustez
cloyster,91,agua,hielo,1,morado,2,1.5 m,132.5 kg,caparazon
gastly,92,fantasma,veneno,1,morado,1,1.3 m,0.1 kg,caparazon
haunter,93,fantasma,veneno,1,morado,2,1.6 m,0.1 kg,caparazon
gengar,94,fantasma,veneno,1,morado,3,1.5 m,40.5 kg,levitacion
onix,95,roca,tierra,1,gris,1,8.8 m,210.0 kg,cabeza roca
drowzee,96,psiquico,ninguno,1,amarillo - cafe,1,1.0 m,32.4 kg,insomnio
hypno,97,psiquico,ninguno,1,amarillo - blanco,2,1.6 m,75.6 kg,insomnio
krabby,98,agua,ninguno,1,rojo - blanco,1,0.6 m,6.5 kg,hipercorte
kingler,99,agua,ninguno,1,rojo - blanco,2,1.3 m,60.0 kg,hipercorte
voltorb,100,electrico,ninguno,1,rojo - blanco,1,0.5 m,10.4 kg,pararrayos
electrode,101,electrico,ninguno,1,rojo - blanco,2,1.1 m,66.6 kg,pararrayos
exeggcute,102,planta,psiquico,1,rosa,1,0.4 m,2.5 kg,clorofila
exeggutor,103,planta,psicquico,1,cafe - verde,2,2.0 m,120.0 kg,clorofila
cubone,104,tierra,ninguno,1,cafe - blanco,1,0.4 m,6.5 kg,cabeza roca
marowak,105,tierra,ninguno,1,cafe - blanco,2,1.1 m,45.0 kg,cabeza roca
hitmonlee,106,lucha,ninguno,1,cafe,2,1.5 m,49.8 kg,flexibilidad
hitmonchan,107,lucha,ninguno,1,cafe - morado,2,1.4 m,50.2 kg,flexibilidad
lickitung,108,normal,ninguno,1,rosa,1,1.2 m,65.5 kg,ritmo propio
koffing,109,veneno,ninguno,1,morado,1,0.6 m,1.0 kg,despiste
weezing,110,veneno,ninguno,1,morado,2,1.2 m,9.5 kg,cuerpo llama
rhyhorn,111,tierra,roca,1,gris,1,1.0 m,115.0 kg,cuerpo llama
rhydon,112,tierra,roca,1,gris,2,1.9 m,120.0 kg,pararrayos
chansey,113,normal,ninguno,1,rosa,2,1.1 m,34.6 kg,cura natural
tangela,114,planta,ninguno,1,morado,1,2.0 m,35.0 kg,clorofila
kangaskhan,115,normal,ninguno,1,cafe,1,2.2 m,80.0 kg,madrugar
horsea,116,agua,ninguno,1,azul,1,0.4 m,8.0 kg,nado rapido
seadra,117,agua,ninguno,1,azul,2,1.2 m,25.0 kg,nado rapido
goldeen,118,agua,ninguno,1,blanco - rojo,1,0.6 m,15.0 kg,nado rapido
seaking,119,agua,ninguno,1,rojo - negro,2,1.3 m,39.0 kg,nado rapido
staryu,120,agua,ninguno,1,cafe - amarillo,1,0.8 m,34.5 kg,velo agua
starmie,121,agua,psiquico,1,morado - amarillo,2,1.1 m,80.0 kg,velo agua
mr_mime,122,psiquico,hada,1,blanco - rosa,2,1.3 m,54.5 kg,iluminacion
scyther,123,bicho,volador,1,verde - blanco,1,1.5 m,56.0 kg,iluminacion
jynx,124,hielo,psiquico,1,rojo - negro,2,1.4 m,40.6 kg,despiste
electabuzz,125,electrico,ninguno,1,amarillo - negro,2,1.1 m,30.0 kg,despiste
magmar,126,fuego,ninguno,1,rojo - amarillo,2,1.3 m,44.5 kg,cuerpo llama
pinsir,127,bicho,ninguno,1,cafe,1,1.5 m,55.0 kg,hipercorte
tauros,128,normal,ninguno,1,cafe,1,1.4 m,88.4 kg,intimidacion
magikarp,129,agua,ninguno,1,rojo,1,0.9 m,10.0 kg,nado rapido
gyarados,130,agua,volador,1,azul,2,6.5 m,235.0 kg,nado rapido
lapras,131,agua,hielo,1,azul,1,2.5 m,220.0 kg,absorbe agua
ditto,132,normal,ninguno,1,morado,1,0.3 m,4.0 kg,absorbe elec
eevee,133,normal,ninguno,1,cafe,1,0.3 m,6.5 kg,aclimatacion
vaporeon,134,agua,ninguno,1,azul,2,1.0 m,29.0 kg,escama especial
jolteon,135,electrico,ninguno,1,amarillo - blanco,2,0.8 m,24.5 kg,escama especial
flareon,136,fuego,ninguno,1,rojo - blanco,2,0.9 m,25.0 kg,absorbe fuego
porygon,137,normal,ninguno,1,rosa - azul,1,0.8 m,36.5 kg,absorbe fuego
omanyte,138,roca,agua,1,blanco - azul,1,0.4 m,7.5 kg,absorbe fuego
omastar,139,roca,agua,1,blanco - azul,2,1.6 m,35.0 kg,nado rapido
kabuto,140,roca,agua,1,cafe,1,0.5 m,11.5 kg,nado rapido
kabutops,141,roca,agua,1,cafe,1,1.3 m,40.5 kg,armadura batalla
aerodactyl,142,roca,volador,1,morado,1,1.8 m,59.0 kg,armadura batalla
snorlax,143,normal,ninguno,1,verde - blanco,2,2.1 m,460.0 kg,sebo
articuno,144,hielo,volador,1,azul - blanco,1,1.7 m,55.4 kg,presion
zapdos,145,electrico,volador,1,amarillo,1,1.6 m,52.6 kg,presion
moltres,146,fuego,volador,1,rojo - amarillo,1,2.0 m,60.0 kg,presion
dratini,147,dragon,ninguno,1,azul - blanco,1,1.8 m,3.3 kg,mudar
dragonair,148,dragon,ninguno,1,azul - blanco,2,4.0 m,16.5 kg,mudar
dragonite,149,dragon,volador,1,naranja,3,2.2 m,210.0 kg,foco interno
mewtwo,150,psiquico,ninguno,1,morado,1,2.0 m,122.0 kg,presion
mew,151,psiquico,ninguno,1,rosa,1,0.4 m,4.0 kg,sincronia
chikorita,152,planta,ninguno,2,verde,1,0.9 m,6.4 kg,espesura
bayleef,153,planta,ninguno,2,amarillo - verde,2,1.2 m,15.8 kg,espesura
meganium,154,planta,ninguno,2,verde,3,1.8 m,100.5 kg,espesura
cyndaquil,155,fuego,ninguno,2,amarillo - verde,1,0.5 m,7.9 kg,mar llamas
quilava,156,fuego,ninguno,2,amarillo - verde,2,0.9 m,19.0 kg,mar llamas
typhlosion,157,fuego,ninguno,2,amarillo - verde,3,1.7 m,79.5 kg,mar llamas
totodile,158,agua,ninguno,2,azul,1,0.6 m,9.5 kg,torrente
croconaw,159,agua,ninguno,2,azul,2,1.1 m,25.0 kg,torrente
feraligatr,160,agua,ninguno,2,azul,3,2.3 m,88.8 kg,torrente
sentret,161,normal,ninguno,2,cafe,1,0.8 m,6.0 kg,fuga
furret,162,normal,ninguno,2,cafe - blanco,2,1.8 m,32.5 kg,vista lince
hoothoot,163,normal,volador,2,cafe,1,0.7 m,21.2 kg,insomnio
noctowl,164,normal,volador,2,cafe,2,1.6 m,40.8 kg,insomnio
ledyba,165,bicho,volador,2,rojo - negro,1,1.0 m,10.8 kg,levitacion
ledian,166,bicho,volador,2,rojo - negro,2,1.4 m,35.6 kg,enjambre
spinarak,167,bicho,veneno,2,verde - negro,1,0.5 m,8.5 kg,insomnio
ariados,168,bicho,veneno,2,rojo,2,1.1 m,33.5 kg,enjambre
crobat,169,veneno,volador,2,morado - azul,3,1.8 m,75.0 kg,foco interno
chinchou,170,agua,electrico,2,amarillo - azul,1,1.2 m,12.0 kg,absorbe elec
lanturn,171,agua,electrico,2,amarillo - azul,2,1.2 m,22.5 kg,absorbe elec
pichu,172,electrico,ninguno,2,amarillo - negro,1,0.3 m,2.0 kg,electricidad estatica
cleffa,173,hada,ninguno,2,rosa,1,0.6 m,3.0 kg,gran encanto
igglybuff,174,normal,hada,2,rosa,2,0.3 m,1.0 kg,gran encanto
togepi,175,hada,ninguno,2,blanco,1,0.3 m,1.5 kg,hustismo
togetic,176,hada,volador,2,blanco,2,1.5 m,3.2 kg,cura natural
natu,177,psiquico,volador,2,verde,1,0.2 m,2.0 kg,sincronia
xatu,178,psiquico,volador,2,blanco - verde,2,1.5 m,15.0 kg,sincronia
mareep,179,electrico,ninguno,2,azul - blanco,1,0.6 m,7.8 kg,electricidad estatica
flaaffy,180,electrico,ninguno,2,rosa - blanco,2,0.8 m,61.5 kg,electricidad estatica
ampharos,181,electrico,ninguno,2,amarillo,3,1.4 m,61.5 kg,electricidad estatica
bellossom,182,planta,ninguno,2,verde - amarillo,3,0.4 m,5.8 kg,clorofila
marill,183,agua,hada,2,azul - blanco,2,0.4 m,8.5 kg,sebo
azumarill,184,agua,hada,2,azul - blanco,3,0.8 m,28.5 kg,velo agua
sudowoodo,185,roca,ninguno,2,cafe,2,1.2 m,38.0 kg,intimidacion
politoed,186,agua,ninguno,2,verde - amarillo,3,1.1 m,54.0 kg,absorbe agua
hoppip,187,planta,volador,2,rosa - verde,1,0.4 m,0.5 kg,cabeza roca
skiploom,188,planta,volador,2,verde - amarillo,2,0.6 m,1.0 kg,clorofila
jumpluff,189,planta,volador,2,azul - blanco,3,0.8 m,3.0 kg,clorofila
aipom,190,normal,ninguno,2,morado - amarillo,1,0.8 m,20.3 kg,flexibilidad
sunkern,191,planta,ninguno,2,amarillo - cafe,1,0.3 m,1.8 kg,clorofila
sunflora,192,planta,ninguno,2,verde - amarillo,2,2.0 m,8.5 kg,clorofila
yanma,193,bicho,volador,2,rojo - verde,1,1.2 m,38.0 kg,aceleracion
wooper,194,agua,tierra,2,azul,1,0.4 m,8.5 kg,humedad
quagsire,195,agua,tierra,2,azul,2,1.0 m,75.0 kg,absorbe agua
espeon,196,psiquico,ninguno,2,morado,2,0.9 m,26.5 kg,sincronia
umbreon,197,siniestro,ninguno,2,negro,2,1.0 m,27.0 kg,sincronia
murkrow,198,siniestro,volador,2,negro,1,0.5 m,2.1 kg,insomnio
slowking,199,agua,psiquico,2,rosa,2,2.0 m,34.5 kg,despiste
misdreavus,200,fantasma,ninguno,2,morado,1,0.7 m,1.0 kg,levitacion
unown,201,psiquico,ninguno,2,negro,1,0.5 m,5.0 kg,sincronia
wobbuffet,202,psiquico,ninguno,2,azul,2,1.3 m,28.5 kg,trampa sombra
girafarig,203,normal,psiquico,2,amarillo - negro,1,1.5 m,41.5 kg,foco interno
pineco,204,bicho,ninguno,2,verde,1,0.6 m,2.1 kg,robustez
forretress,205,bicho,acero,2,rojo - gris,2,1.2 m,125.8 kg,robustez
dunsparce,206,normal,ninguno,2,amarillo - azul,1,1.5 m,14.0 kg,cura natural
gligar,207,tierra,volador,2,morado - azul,1,1.1 m,64.8 kg,hipercorte
steelix,208,acero,tierra,2,gris,2,9.2 m,400.0 kg,cabeza roca
snubbull,209,hada,ninguno,2,rosa,1,0.6 m,7.8 kg,intimidacion
granbull,210,hada,ninguno,2,morado,2,1.5 m,40.8 kg,intimidacion
qwilfish,211,agua,veneno,2,azul - amarillo,1,0.5 m,3.8 kg,punto toxico
scizor,212,bicho,acero,2,rojo,2,1.8 m,118.0 kg,enjambre
shuckle,213,bicho,roca,2,rojo - amarillo,1,0.6 m,20.5 kg,robustez
heracross,214,bicho,lucha,2,azul,1,1.5 m,54.0 kg,agallas
sneasel,215,siniestro,hielo,2,negro,1,0.9 m,28.0 kg,vista lince
teddiursa,216,normal,ninguno,2,cafe,1,0.6 m,8.8 kg,recogida
ursaring,217,normal,ninguno,2,cafe,2,1.8 m,125.8 kg,agallas
slugma,218,fuego,ninguno,2,rojo,1,0.7 m,35.0 kg,cuerpo llama
magcargo,219,fuego,roca,2,rojo - negro,2,0.8 m,55.0 kg,cuerpo llama
swinub,220,hielo,tierra,2,cafe,1,0.4 m,6.5 kg,despiste
piloswine,221,hielo,tierra,2,cafe,2,1.1 m,55.8 kg,despiste
corsola,222,agua,roca,2,rosa - blanco,1,0.6 m,5.0 kg,hustismo
remoraid,223,agua,ninguno,2,gris,1,0.6 m,12.0 kg,nado rapido
octillery,224,agua,ninguno,2,rojo,2,1.2 m,28.5 kg,ventosas
delibird,225,hielo,volador,2,rojo - blanco,1,0.9 m,16.0 kg,entrega
mantine,226,agua,volador,2,azul - blanco,2,2.1 m,220.0 kg,espiritu vital
skarmory,227,acero,volador,2,gris,1,1.7 m,50.5 kg,caparazon
houndour,228,siniestro,fuego,2,negro,1,0.6 m,10.8 kg,madrugar
houndoom,229,siniestro,fuego,2,negro,2,1.9 m,35.0 kg,absorbe fuego
kingdra,230,agua,dragon,2,azul,3,1.8 m,152.0 kg,nado rapido
phanpy,231,tierra,ninguno,2,azul,1,0.5 m,33.5 kg,recogida
donphan,232,tierra,ninguno,2,gris - negro,2,1.1 m,120.0 kg,robustez
porygon2,233,normal,ninguno,2,azul - rosa,2,0.6 m,36.5 kg,calco
stantler,234,normal,ninguno,2,cafe,1,1.4 m,71.2 kg,intimidacion
smeargle,235,normal,ninguno,2,blanco,1,1.2 m,58.0 kg,experto
tyrogue,236,lucha,ninguno,2,rosa - cafe,1,0.7 m,21.0 kg,agallas
hitmontop,237,lucha,ninguno,2,azul - cafe,2,1.4 m,48.0 kg,cuerpo llama
smoochum,238,hielo,psiquico,2,rosa - amarillo,1,0.4 m,17.8 kg,despiste
elekid,239,electrico,ninguno,2,amarillo - negro,1,0.6 m,30.0 kg,electricidad estatica
magby,240,fuego,ninguno,2,rojo,1,0.7 m,44.5 kg,cuerpo llama
miltank,241,normal,ninguno,2,rosa,1,1.2 m,75.5 kg,sebo
blissey,242,normal,ninguno,2,rosa - blanco,3,3.5 m,46.8 kg,cura natural
raikou,243,electrico,ninguno,2,amarillo,1,2.0 m,177.0 kg,presion
entei,244,fuego,ninguno,2,cafe,1,2.1 m,198.0 kg,presion
suicune,245,agua,ninguno,2,azul,1,2.0 m,187.0 kg,presion
larvitar,246,roca,tierra,2,verde,1,0.6 m,72.0 kg,agallas
pupitar,247,roca,tierra,2,gris,2,1.2 m,152.0 kg,mudar
tyranitar,248,roca,siniestro,2,verde,3,2.0 m,202.0 kg,trampa arena
lugia,249,psiquico,volador,2,blanco - azul,1,5.2 m,216.0 kg,presion
hooh,250,fuego,volador,2,rojo,1,3.8 m,199.0 kg,regeneracion
celebi,251,psiquico,planta,2,verde,1,0.6 m,5.0 kg,cura natural
treecko,252,planta,ninguno,3,verde,1,0.5 m,5.0 kg,espesura
grovyle,253,planta,ninguno,3,verde,2,0.9 m,21.6 kg,espesura
sceptile,254,planta,ninguno,3,verde,3,1.7 m,52.2 kg,espesura
torchic,255,fuego,ninguno,3,naranja,1,0.5 m,2.5 kg,mar llamas
combusken,256,fuego,lucha,3,amarillo - naranja,2,0.9 m,30.5 kg,mar llamas
blaziken,257,fuego,lucha,3,rojo,3,1.9 m,52.0 kg,mar llamas
mudkip,258,agua,ninguno,3,azul,1,0.4 m,7.6 kg,torrente
marshtomp,259,agua,tierra,3,azul,2,0.7 m,28.0 kg,torrente
swampert,260,agua,tierra,3,azul,3,1.5 m,81.9 kg,torrente
poochyena,261,siniestro,ninguno,3,gris - negro,1,0.5 m,13.6 kg,fuga
mightyena,262,siniestro,ninguno,3,gris - negro,2,1.0 m,37.0 kg,intimidacion
zigzagoon,263,normal,ninguno,3,cafe - blanco,1,0.4 m,17.3 kg,recogida
linoone,264,normal,ninguno,3,cafe - blanco,2,0.5 m,32.5 kg,recogida
wurmple,265,bicho,ninguno,3,rojo - blanco,1,0.3 m,3.6 kg,polvo escudo
silcoon,266,bicho,ninguno,3,blanco,2,0.6 m,10.0 kg,mudar
beautifly,267,bicho,volador,3,,3,1.0 m,28.4 kg,ojo compuesto
cascoon,268,bicho,ninguno,3,rosa,2,0.7 m,11.5 kg,polvo escudo
dustox,269,bicho,veneno,3,verde - morado,3,1.2 m,31.6 kg,mudar
lotad,270,agua,ninguno,3,verde - azul,1,0.5 m,2.6 kg,nado rapido
lombre,271,agua,planta,3,verde,2,1.2 m,32.5 kg,absorbe agua
ludicolo,272,agua,planta,3,amarillo - verde,3,1.5 m,55.0 kg,absorbe agua
seedot,273,planta,ninguno,3,cafe,1,0.5 m,4.0 kg,clorofila
nuzleaf,274,planta,siniestro,3,cafe,2,1.0 m,27.8 kg,clorofila
shiftry,275,planta,siniestro,3,cafe - blanco,3,1.3 m,59.6 kg,clorofila
taillow,276,normal,volador,3,negro,1,0.3 m,2.3 kg,agallas
swellow,277,normal,volador,3,negro,2,0.7 m,23.6 kg,agallas
wingull,278,agua,volador,3,blanco - azul,1,1.2 m,28.0 kg,vista lince
pelipper,279,agua,volador,3,blanco - azul,2,1.5 m,30.0 kg,intimidacion
ralts,280,psiquico,hada,3,blanco - verde,1,0.4 m,6.6 kg,sincronia
kirlia,281,psiquico,hada,3,blanco - verde,2,0.8 m,19.6 kg,sincronia
gardevoir,282,psiquico,hada,3,blanco - verde,3,1.6 m,48.4 kg,calco
surskit,283,bicho,agua,3,azul,1,0.5 m,1.7 kg,intimidacion
masquerain,284,bicho,volador,3,blanco,2,1.0 m,3.8 kg,intimidacion
shroomish,285,planta,ninguno,3,verde - amarillo,1,0.4 m,4.5 kg,efecto espora
breloom,286,planta,lucha,3,verde - amarillo,2,1.2 m,39.0 kg,efecto espora
slakoth,287,normal,ninguno,3,beige,1,0.8 m,130.0 kg,pereza
vigoroth,288,normal,ninguno,3,blanco,2,1.0 m,46.5 kg,pereza
slaking,289,normal,ninguno,3,cafe,3,2.0 m,130.0 kg,pereza
nincada,290,bicho,tierra,3,blanco,1,0.5 m,5.5 kg,ojo compuesto
ninjask,291,bicho,volador,3,negro - blanco,2,0.8 m,12.0 kg,aceleracion
shedinja,292,bicho,fantasma,3,cafe,1,0.8 m,1.2 kg,mudar
whismur,293,normal,ninguno,3,rosa,1,0.8 m,40.5 kg,insonorizar
loudred,294,normal,ninguno,3,morado,2,1.5 m,84.0 kg,insonorizar
exploud,295,normal,ninguno,3,morado,3,2.3 m,136.0 kg,sebo
makuhita,296,lucha,ninguno,3,amarillo,1,1.0 m,86.4 kg,agallas
hariyama,297,lucha,ninguno,3,blanco - azul,2,2.5 m,250.0 kg,agallas
azurill,298,normal,ninguno,3,azul,1,0.2 m,0.6 kg,velo agua
nosepass,299,roca,ninguno,3,azul,1,1.0 m,95.0 kg,robustez
skitty,300,normal,ninguno,3,rosa - beige,1,0.6 m,2.3 kg,gran encanto
delcatty,301,normal,ninguno,3,morado - beige,2,1.1 m,11.0 kg,normalidad
sableye,302,siniestro,fantasma,3,morado,1,0.5 m,11.0 kg,vista lince
mawile,303,acero,ninguno,3,amarillo - negro,1,0.5 m,11.5 kg,hipercorte
aron,304,acero,roca,3,gris,1,0.4 m,60.0 kg,cabeza roca
lairon,305,acero,roca,3,negro - gris,2,0.6 m,120.0 kg,cabeza roca
aggron,306,acero,roca,3,negro - gris,3,1.1 m,360.0 kg,cabeza roca
meditite,307,lucha,psiquico,3,blanco - azul,1,0.6 m,13.2 kg,fuerza pura
medicham,308,lucha,psiquico,3,blanco - rosa,2,1.2 m,55.8 kg,fuerza pura
electrike,309,electrico,ninguno,3,verde - amarillo,1,0.6 m,15.2 kg,electricidad estatica
manectric,310,electrico,ninguno,3,azul - amarillo,2,1.5 m,40.2 kg,electricidad estatica
plusle,311,electrico,ninguno,3,amarillo - rojo,1,0.6 m,2.0 kg,mas
minun,312,electrico,ninguno,3,amarillo - azul,1,0.5 m,2.0 kg,menos
volbeat,313,bicho,ninguno,3,negro - azul,1,0.6 m,17.7 kg,enjambre
illumise,314,bicho,ninguno,3,negro - azul,1,0.6 m,9.6 kg,despiste
roselia,315,planta,veneno,3,verde,1,0.7 m,20.4 kg,cura natural
gulpin,316,veneno,ninguno,3,verde,1,0.4 m,17.2 kg,baba
swalot,317,veneno,ninguno,3,morado,2,1.7 m,80.0 kg,baba
carvanha,318,agua,siniestro,3,rojo - azul,1,0.8 m,20.8 kg,piel tosca
sharpedo,319,agua,siniestro,3,azul,2,1.8 m,88.8 kg,piel tosca
wailmer,320,agua,ninguno,3,azul - blanco,1,2.0 m,87.0 kg,velo agua
wailord,321,agua,ninguno,3,azul - blanco,2,14.0 m,398.0 kg,velo agua
numel,322,fuego,tierra,3,amarillo,1,0.7 m,68.0 kg,despiste
camerupt,323,fuego,tierra,3,rojo,2,1.9 m,320.0 kg,roca solida
torkoal,324,fuego,ninguno,3,rojo - cafe,1,0.5 m,49.4 kg,humo blanco
spoink,325,psiquico,ninguno,3,gris - rosa,1,0.7 m,53.6 kg,velo agua
grumpig,326,psiquico,ninguno,3,morado - negro,2,0.9 m,120.0 kg,sebo
spinda,327,normal,ninguno,3,beige - rosa,1,1.1 m,5.0 kg,ritmo propio
trapinch,328,tierra,ninguno,3,rojo,1,0.7 m,15.0 kg,trampa arena
vibrava,329,tierra,dragon,3,verde,2,1.4 m,45.0 kg,trampa arena
flygon,330,tierra,dragon,3,verde,3,2.0 m,82.0 kg,levitacion
cacnea,331,planta,ninguno,3,verde,1,0.4 m,3.6 kg,velo arena
cacturne,332,planta,siniestro,3,verde,2,1.3 m,77.4 kg,velo arena
swablu,333,normal,volador,3,azul - blanco,1,0.4 m,1.2 kg,aclimatacion
altaria,334,dragon,volador,3,azul - blanco,2,1.1 m,20.6 kg,aclimatacion
zangoose,335,normal,ninguno,3,rojo - blanco,1,1.3 m,55.5 kg,garra toxica
seviper,336,veneno,ninguno,3,azul,1,2.7 m,52.5 kg,mudar
lunatone,337,roca,psiquico,3,beige,1,1.0 m,166.0 kg,levitacion
solrock,338,roca,psiquico,3,naranja - amarillo,1,1.0 m,95.0 kg,levitacion
barboach,339,agua,tierra,3,blanco - azul,1,0.4 m,2.0 kg,despiste
whiscash,340,agua,tierra,3,azul,2,0.9 m,23.6 kg,anticipacion
corphish,341,agua,ninguno,3,rojo,1,0.6 m,11.5 kg,hipercorte
crawdaunt,342,agua,ninguno,3,rojo,2,1.1 m,32.7 kg,caparazon
baltoy,343,tierra,psiquico,3,beige,1,0.5 m,21.5 kg,levitacion
claydol,344,tierra,psiquico,3,negro,2,1.9 m,76.3 kg,levitacion
lileep,345,roca,planta,3,morado - rosa,1,0.6 m,60.8 kg,absorbe agua
cradily,346,roca,planta,3,verde,2,1.5 m,139.0 kg,absorbe agua
anorith,347,roca,bicho,3,verde - negro,1,0.7 m,12.5 kg,armadura batalla
armaldo,348,roca,bicho,3,azul - negro,2,1.5 m,68.2 kg,armadura batalla
feebas,349,agua,ninguno,3,beige - azul,1,0.6 m,7.4 kg,nado rapido
milotic,350,agua,ninguno,3,beige - rosa,2,6.0 m,27.3 kg,escama especial
castform,351,normal,ninguno,3,gris,1,0.3 m,1.8 kg,prediccion
kecleon,352,normal,ninguno,3,verde,1,0.3 m,22.0 kg,cambio color
shuppet,353,fantasma,ninguno,3,negro,1,0.7 m,2.3 kg,insomnio
banette,354,fantasma,ninguno,3,negro,2,1.1 m,12.5 kg,insomnio
duskull,355,fantasma,ninguno,3,negro - blanco,1,1.0 m,15.0 kg,levitacion
dusclops,356,fantasma,ninguno,3,gris - blanco,2,1.6 m,30.0 kg,presion
tropius,357,planta,volador,3,verde - cafe,1,2.0 m,83.0 kg,clorofila
chimecho,358,psiquico,ninguno,3,azul - rosa,2,0.9 m,34.0 kg,levitacion
absol,359,siniestro,ninguno,3,blanco,1,0.8 m,120.0 kg,super suerte
wynaut,360,psiquico,ninguno,3,azul,1,0.6 m,15.0 kg,trampa sombra
snorunt,361,hielo,ninguno,3,amarillo - negro,1,0.5 m,16.8 kg,foco interno
glalie,362,hielo,ninguno,3,blanco - negro,2,1.5 m,256.5 kg,foco interno
spheal,363,hielo,agua,3,azul - beige,1,0.8 m,87.6 kg,sebo
sealeo,364,hielo,agua,3,azul - beige,2,1.1 m,150.6 kg,sebo
walrein,365,hielo,agua,3,azul - blanco,3,1.4 m,150.6 kg,sebo
clamperl,366,agua,ninguno,3,azul,1,0.8 m,52.5 kg,caparazon
huntail,367,agua,ninguno,3,azul - naranja,2,1.7 m,27.0 kg,caparazon
gorebyss,368,agua,ninguno,3,rosa,2,1.8 m,22.6 kg,nado rapido
relicanth,369,agua,roca,3,cafe,1,1.0 m,23.4 kg,cabeza roca
luvdisc,370,agua,ninguno,3,rosa,1,0.6 m,8.5 kg,nado rapido
bagon,371,dragon,ninguno,3,azul,1,0.5 m,42.1 kg,cabeza roca
shelgon,372,dragon,ninguno,3,gris,2,1.1 m,110.5 kg,cabeza roca
salamence,373,dragon,volador,3,azul - rojo,2,1.5 m,102.6 kg,intimidacion
beldum,374,acero,psiquico,3,azul,1,0.6 m,95.2 kg,cuerpo puro
metang,375,acero,psiquico,3,azul,2,0.9 m,202.5 kg,cuerpo puro
metagross,376,acero,psiquico,3,azul,3,1.6 m,550.0 kg,cuerpo puro
regirock,377,roca,ninguno,3,beige - cafe,1,1.7 m,230.0 kg,robustez
regice,378,hielo,ninguno,3,azul,1,1.5 m,325.0 kg,robustez
registeel,379,acero,ninguno,3,gris - negro,1,1.8 m,120.0 kg,robustez
latias,380,dragon,psiquico,3,rojo - blanco,1,1.4 m,40.0 kg,levitacion
latios,381,dragon,psiquico,3,rojo - azul,1,2.0 m,60.0 kg,levitacion
kyogre,382,agua,ninguno,3,azul,1,4.5 m,352.0 kg,presion
groudon,383,tierra,ninguno,3,rojo,1,3.5 m,950.0 kg,presion
rayquaza,384,dragon,volador,3,verde,1,7.0 m,206.5 kg,veloz
jirachi,385,acero,psiquico,3,amarillo - blanco,1,0.3 m,1.0 kg,cura natural
deoxys,386,psiquico,ninguno,3,rojo - azul,1,1.7 m,60.8 kg,presion
turtwig,387,planta,ninguno,4,verde,1,0.4 m,18.2 kg,espesura
grotle,388,planta,ninguno,4,verde - amarillo,2,1.2 m,57.0 kg,espesura
torterra,389,planta,tierra,4,verde - cafe,3,2.2 m,95.0 kg,espesura
chimchar,390,fuego,ninguno,4,cafe - beige,1,0.5 m,6.2 kg,mar llamas
monferno,391,fuego,lucha,4,naranja,2,0.9 m,22.0 kg,mar llamas
infernape,392,fuego,lucha,4,cafe - blanco,3,1.2 m,55.0 kg,mar llamas
piplup,393,agua,ninguno,4,azul,1,0.4 m,5.2 kg,torrente
prinplup,394,agua,ninguno,4,azul,2,0.8 m,23.0 kg,torrente
empoleon,395,agua,acero,4,azul - negro,3,1.9 m,84.5 kg,torrente
starly,396,normal,volador,4,negro,1,0.2 m,2.0 kg,vista lince
staravia,397,normal,volador,4,negro,2,0.6 m,24.9 kg,intimidacion
staraptor,398,normal,volador,4,negro,3,1.2 m,38.0 kg,intimidacion
bidoof,399,normal,ninguno,4,cafe,1,0.4 m,31.0 kg,simple
bibarel,400,normal,agua,4,cafe,2,1.0 m,27.0 kg,simple
kricketot,401,bicho,ninguno,4,rojo,1,0.3 m,2.9 kg,enjambre
kricketune,402,bicho,ninguno,4,rojo - negro,2,0.6 m,34.0 kg,experto
shinx,403,electrico,ninguno,4,azul - negro,1,0.5 m,9.5 kg,rivalidad
luxio,404,electrico,ninguno,4,azul - negro,2,0.9 m,42.0 kg,intimidacion
luxray,405,electrico,ninguno,4,azul - negro,3,1.4 m,42.0 kg,intimidacion
budew,406,planta,veneno,4,verde - amarillo,1,0.3 m,0.7 kg,cura natural
roserade,407,planta,veneno,4,verde,3,1.2 m,9.5 kg,cura natural
cranidos,408,roca,ninguno,4,negro - azul,1,0.9 m,102.5 kg,cabeza roca
rampardos,409,roca,ninguno,4,negro - azul,2,1.6 m,97.0 kg,cabeza roca
shieldon,410,roca,acero,4,amarillo - negro,1,0.3 m,57.0 kg,robustez
bastiodon,411,roca,acero,4,amarillo - negro,2,1.2 m,149.0 kg,robustez
burmy,412,bicho,ninguno,4,verde,1,0.2 m,6.5 kg,mudar
wormadam,413,bicho,planta,4,verde,2,0.5 m,38.5 kg,anticipacion
mothim,414,bicho,volador,4,amarillo - negro,2,1.6 m,23.3 kg,insomnio
combee,415,bicho,volador,4,amarillo - negro,1,0.3 m,5.5 kg,recolector
vespiquen,416,bicho,volador,4,amarillo - negro,2,1.0 m,38.0 kg,presion
pachirisu,417,electrico,ninguno,4,blanco - azul,1,0.4 m,33.3 kg,fuga
buizel,418,agua,ninguno,4,naranja,1,0.7 m,29.5 kg,nado rapido
floatzel,419,agua,ninguno,4,naranja,2,1.3 m,85.0 kg,nado rapido
cherubi,420,planta,ninguno,4,rosa,1,0.4 m,9.9 kg,clorofila
cherrim,421,planta,ninguno,4,morado,2,0.5 m,9.3 kg,don flor
shellos,422,agua,ninguno,4,rosa,1,0.4 m,2.9 kg,tormenta arena
gastrodon,423,agua,tierra,4,rosa - cafe,2,0.9 m,29.9 kg,tormenta arena
ambipom,424,normal,ninguno,4,morado - beige,2,1.2 m,48.0 kg,experto
drifloon,425,fantasma,volador,4,morado,1,0.4 m,1.2 kg,entremanos
drifblim,426,fantasma,volador,4,morado,2,1.2 m,13.0 kg,entremanos
buneary,427,normal,ninguno,4,cafe - beige,1,0.4 m,5.5 kg,fuga
lopunny,428,normal,ninguno,4,cafe - beige,2,1.2 m,28.0 kg,gran encanto
mismagius,429,fantasma,ninguno,4,morado,2,0.9 m,44.5 kg,levitacion
honchkrow,430,siniestro,volador,4,azul - rojo,2,0.9 m,60.9 kg,super suerte
glameow,431,normal,volador,4,gris,1,0.5 m,3.9 kg,normalidad
purugly,432,normal,volador,4,gris - blanco,2,1.0 m,32.0 kg,sebo
chingling,433,psiquico,ninguno,4,amarillo,1,0.2 m,0.6 kg,sincronia
stunky,434,veneno,siniestro,4,morado - blanco,1,0.5 m,19.2 kg,hedor
skuntank,435,veneno,siniestro,4,morado - blanco,2,1.5 m,29.0 kg,hedor
bronzor,436,acero,psiquico,4,azul,1,0.5 m,60.0 kg,ignifugo
bronzong,437,acero,psiquico,4,azul,2,1.3 m,60.0 kg,ignifugo
bonsly,438,roca,ninguno,4,cafe,1,0.5 m,15.0 kg,robustez
mime_jr,439,psiquico,hada,4,rosa - azul,1,0.6 m,13.0 kg,insonorizar
happiny,440,normal,ninguno,4,rosa,1,0.6 m,24.4 kg,cura natural
chatot,441,normal,volador,4,negro,1,0.5 m,38.6 kg,vista lince
spiritomb,442,fantasma,siniestro,4,morado - verde,1,1.0 m,108.0 kg,presion
gible,443,dragon,tierra,4,azul,1,0.7 m,95.0 kg,velo arena
gabite,444,dragon,tierra,4,azul,2,1.5 m,68.0 kg,velo arena
garchomp,445,dragon,tierra,4,azul,3,1.9 m,95.0 kg,piel tosca
munchlax,446,normal,ninguno,4,verde - beige,1,0.6 m,105.0 kg,sebo
riolu,447,lucha,ninguno,4,azul - negro,1,0.7 m,54.0 kg,impasible
lucario,448,lucha,acero,4,azul - negro,2,1.2 m,54.0 kg,impasible
hippopotas,449,tierra,ninguno,4,cafe - beige,1,0.7 m,93.0 kg,piel seca
hippowdon,450,tierra,ninguno,4,cafe - negro,2,2.2 m,300.0 kg,piel seca
skorupi,451,veneno,bicho,4,azul,1,0.4 m,61.5 kg,armadura batalla
drapion,452,veneno,siniestro,4,morado,2,1.3 m,40.5 kg,enjambre
croagunk,453,veneno,lucha,4,azul,1,0.7 m,83.0 kg,piel seca
toxicroak,454,veneno,lucha,4,azul,2,1.3 m,44.4 kg,piel seca
carnivine,455,planta,ninguno,4,verde,1,1.4 m,27.0 kg,levitacion
finneon,456,agua,ninguno,4,azul - negro,1,1.2 m,7.0 kg,nado rapido
lumineon,457,agua,ninguno,4,azul - negro,2,1.9 m,22.0 kg,absorbe agua
mantyke,458,agua,volador,4,azul,1,1.0 m,220.0 kg,velo agua
snover,459,planta,hielo,4,blanco - verde,1,1.0 m,50.5 kg,manto niveo
abomasnow,460,planta,hielo,4,blanco - verde,2,2.2 m,135.5 kg,manto niveo
weavile,461,siniestro,hielo,4,negro - rojo,2,1.1 m,34.0 kg,presion
magnezone,462,electrico,acero,4,gris,3,1.2 m,180.0 kg,magnetismo
lickilicky,463,normal,ninguno,4,rosa,2,1.7 m,270.0 kg,despiste
rhyperior,464,tierra,roca,4,gris - naranja,3,1.9 m,282.8 kg,pararrayos
tangrowth,465,planta,ninguno,4,azul,2,2.0 m,131.0 kg,compensacion
electivire,466,electrico,ninguno,4,amarillo - negro,3,1.8 m,139.0 kg,impulso vital
magmortar,467,fuego,ninguno,4,rojo - amarillo,3,1.6 m,68.0 kg,cuerpo llama
togekiss,468,hada,volador,4,blanco,3,1.5 m,52.0 kg,cura natural
yanmega,469,bicho,volador,4,verde,2,2.0 m,51.0 kg,cromolente
leafeon,470,planta,ninguno,4,verde - beige,2,1.0 m,25.5 kg,hoja afilada
glaceon,471,hielo,ninguno,4,azul,2,0.8 m,25.9 kg,manto niveo
gliscor,472,tierra,volador,4,gris,2,2.0 m,42.5 kg,hipercorte
mamoswine,473,hielo,tierra,4,cafe,3,2.5 m,291.0 kg,despiste
porygon-z,474,normal,ninguno,4,azul - rosa,3,0.8 m,85.0 kg,calco
gallade,475,psiquico,lucha,4,verde - blanco,3,1.6 m,52.0 kg,impasible
probopass,476,roca,acero,4,rojo - azul,2,1.4 m,340.0 kg,magnetismo
dusknoir,477,fantasma,ninguno,4,gris,3,1.7 m,106.5 kg,presion
froslass,478,hielo,fantasma,4,blanco,2,1.3 m,26.3 kg,manto niveo
rotom,479,electrico,fantasma,4,rojo,1,0.3 m,30.0 kg,levitacion
uxie,480,psiquico,ninguno,4,gris - amarillo,1,0.3 m,0.3 kg,levitacion
mesprit,481,psiquico,ninguno,4,gris - rosa,1,0.3 m,0.3 kg,levitacion
azelf,482,psiquico,ninguno,4,gris - azul,1,4.2 m,0.3 kg,presion
dialga,483,acero,dragon,4,azul,1,4.1 m,336.0 kg,presion
palkia,484,agua,dragon,4,blanco - morado,1,4.2 m,306.0 kg,presion
heatran,485,fuego,acero,4,rojo - gris,1,1.7 m,83.0 kg,ignifugo
regigigas,486,normal,ninguno,4,blanco - amarillo,1,3.7 m,420.0 kg,sueño eterno
giratina,487,fantasma,dragon,4,gris - negro,1,4.5 m,750.0 kg,presion
cresselia,488,psiquico,ninguno,4,azul - rosa,1,1.2 m,0.0 kg,cura natural
phione,489,agua,ninguno,4,azul,1,0.3 m,0.5 kg,hidratacion
manaphy,490,agua,ninguno,4,azul,1,0.1 m,0.1 kg,hidratacion
darkrai,491,siniestro,ninguno,4,negro,1,1.5 m,1.0 kg,mal sueño
shaymin,492,planta,acero,4,verde - blanco,1,0.2 m,5.2 kg,cura natural
arceus,493,normal,ninguno,4,blanco,1,3.2 m,320.0 kg,multitype
victini,494,psiquico,fuego,5,amarillo - naranja,1,1.0 m,20.0 kg,estrella victoria
snivy,495,planta,ninguno,5,verde,1,0.6 m,8.3 kg,espesura
servine,496,planta,ninguno,5,verde,2,1.2 m,16.0 kg,espesura
serperior,497,planta,ninguno,5,verde,3,2.0 m,63.0 kg,espesura
tepig,498,fuego,ninguno,5,naranja - negro,1,0.5 m,9.0 kg,mar llamas
pignite,499,fuego,lucha,5,naranja - negro,2,0.9 m,55.5 kg,mar llamas
emboar,500,fuego,lucha,5,naranja - negro,3,1.5 m,150.0 kg,mar llamas
oshawott,501,agua,ninguno,5,azul - blanco,1,0.5 m,5.9 kg,torrente
dewott,502,agua,ninguno,5,azul,2,0.8 m,24.6 kg,torrente
samurott,503,agua,ninguno,5,azul,3,1.5 m,94.6 kg,torrente
patrat,504,normal,ninguno,5,cafe,1,0.5 m,11.0 kg,iluminacion
watchog,505,normal,ninguno,5,rojo - amarillo,2,1.1 m,27.0 kg,iluminacion
lillipup,506,normal,ninguno,5,beige,1,0.4 m,10.1 kg,espiritu vital
herdier,507,normal,ninguno,5,beige - negro,2,0.9 m,14.7 kg,intimidacion
stoutland,508,normal,ninguno,5,beige - negro,3,1.2 m,61.0 kg,intimidacion
purrloin,509,siniestro,ninguno,5,morado,1,0.4 m,10.1 kg,flexibilidad
liepard,510,siniestro,ninguno,5,morado,2,1.3 m,37.5 kg,flexibilidad
pansage,511,planta,ninguno,5,verde,1,0.6 m,12.5 kg,impetu hierba
simisage,512,planta,ninguno,5,verde,2,1.1 m,30.5 kg,impetu hierba
pansear,513,fuego,ninguno,5,rojo,1,0.6 m,28.0 kg,impetu hierba
simisear,514,fuego,ninguno,5,rojo,2,1.1 m,28.0 kg,impetu hierba
panpour,515,agua,ninguno,5,azul,1,0.6 m,29.0 kg,impetu hierba
simipour,516,agua,ninguno,5,azul,2,1.1 m,29.0 kg,impetu hierba
munna,517,psiquico,ninguno,5,rosa,1,0.6 m,60.0 kg,telepatia
musharna,518,psiquico,ninguno,5,rosa - morado,2,1.1 m,60.7 kg,telepatia
pidove,519,normal,volador,5,gris,1,0.3 m,21.0 kg,sacapecho
tranquill,520,normal,volador,5,gris - negro,2,0.6 m,32.0 kg,sacapecho
unfezant,521,normal,volador,5,gris - negro,3,1.5 m,29.0 kg,sacapecho
blitzle,522,electrico,ninguno,5,blanco - negro,1,0.4 m,29.8 kg,pararrayos
zebstrika,523,electrico,ninguno,5,blanco - negro,2,1.6 m,79.5 kg,impulso vital
roggenrola,524,roca,ninguno,5,azul,1,0.4 m,25.0 kg,robustez
boldore,525,roca,ninguno,5,azul - naranja,2,0.9 m,102.0 kg,robustez
gigalith,526,roca,ninguno,5,azul - rojo,3,1.7 m,260.0 kg,robustez
woobat,527,psiquico,volador,5,azul - negro,1,0.4 m,2.1 kg,despiste
swoobat,528,psiquico,volador,5,azul - negro,2,0.9 m,10.5 kg,despiste
drilbur,529,tierra,ninguno,5,negro - gris,1,0.3 m,40.4 kg,velo arena
excadrill,530,tierra,acero,5,negro - gris,2,0.7 m,110.0 kg,velo arena
audino,531,normal,ninguno,5,rosa - beige,1,1.1 m,13.5 kg,regeneracion
timburr,532,lucha,ninguno,5,beige - rosa,1,0.6 m,12.5 kg,agallas
gurdurr,533,lucha,ninguno,5,beige - rosa,2,1.2 m,40.0 kg,agallas
conkeldurr,534,lucha,ninguno,5,beige - rosa,3,1.4 m,87.0 kg,puño ferreo
tympole,535,agua,ninguno,5,azul - beige,1,0.5 m,4.5 kg,nado rapido
palpitoad,536,agua,tierra,5,azul - beige,2,0.8 m,17.0 kg,nado rapido
seismitoad,537,agua,tierra,5,azul,3,1.5 m,62.0 kg,absorbe agua
throh,538,lucha,ninguno,5,rojo - blanco,1,1.3 m,55.5 kg,agallas
sawk,539,lucha,ninguno,5,azul - blanco,1,1.4 m,51.0 kg,impasible
sewaddle,540,bicho,planta,5,verde - amarillo,1,0.3 m,7.5 kg,enjambre
swadloon,541,bicho,planta,5,verde - amarillo,2,0.6 m,58.5 kg,hoja afilada
leavanny,542,bicho,planta,5,verde - amarillo,3,1.2 m,20.5 kg,enjambre
venipede,543,bicho,veneno,5,rojo,1,0.4 m,5.3 kg,punto toxico
whirlipede,544,bicho,veneno,5,gris,2,1.2 m,200.0 kg,punto toxico
scolipede,545,bicho,veneno,5,rojo,3,2.5 m,200.0 kg,aceleracion
cottonee,546,planta,hada,5,blanco - verde,1,0.7 m,0.6 kg,bromista
whimsicott,547,planta,hada,5,blanco - cafe,2,0.7 m,6.6 kg,bromista
petilil,548,planta,ninguno,5,verde,1,0.5 m,6.6 kg,clorofila
lilligant,549,planta,ninguno,5,verde,2,1.1 m,16.3 kg,clorofila
basculin,550,agua,ninguno,5,verde,1,1.0 m,18.0 kg,cabeza roca
sandile,551,tierra,siniestro,5,cafe - negro,1,0.7 m,15.2 kg,intimidacion
krokorok,552,tierra,siniestro,5,cafe - negro,2,1.0 m,33.4 kg,intimidacion
krookodile,553,tierra,siniestro,5,rojo - negro,3,1.5 m,96.3 kg,intimidacion
darumaka,554,fuego,normal,5,rojo,1,0.6 m,37.5 kg,entusiasmo
darmanitan,555,fuego,psiquico,5,rojo,2,1.3 m,92.9 kg,entusiasmo
maractus,556,planta,ninguno,5,verde,1,1.0 m,28.0 kg,absorbe agua
dwebble,557,bicho,roca,5,rojo - cafe,1,0.3 m,14.5 kg,robustez
crustle,558,bicho,roca,5,rojo - cafe,2,1.6 m,200.0 kg,robustez
scraggy,559,siniestro,lucha,5,amarillo,1,0.6 m,11.8 kg,mudar
scrafty,560,siniestro,lucha,5,naranja,2,1.1 m,30.0 kg,mudar
sigilyph,561,psiquico,volador,5,negro - amarillo,1,1.5 m,1.5 kg,muro magico
yamask,562,fantasma,ninguno,5,negro,1,0.5 m,30.5 kg,velo agua
cofagrigus,563,fantasma,ninguno,5,negro - amarillo,2,1.7 m,76.5 kg,velo agua
tirtouga,564,agua,roca,5,azul,1,0.7 m,32.5 kg,nado rapido
carracosta,565,agua,roca,5,azul,2,1.2 m,81.0 kg,nado rapido
archen,566,roca,volador,5,amarillo,1,0.5 m,9.0 kg,defeatist
archeops,567,roca,volador,5,amarillo,2,1.5 m,37.0 kg,defeatist
trubbish,568,veneno,ninguno,5,verde,1,0.6 m,31.0 kg,hedor
garbodor,569,veneno,ninguno,5,gris - verde,2,1.9 m,107.3 kg,hedor
zorua,570,siniestro,ninguno,5,negro - rojo,1,0.7 m,12.5 kg,ilusion
zoroark,571,siniestro,ninguno,5,negro - rojo,2,1.6 m,81.1 kg,ilusion
minccino,572,normal,ninguno,5,gris,1,0.5 m,5.8 kg,gran encanto
cinccino,573,normal,ninguno,5,gris - blanco,2,1.1 m,14.5 kg,experto
gothita,574,psiquico,ninguno,5,negro - morado,1,0.6 m,5.7 kg,magico
gothorita,575,psiquico,ninguno,5,negro - morado,2,0.9 m,37.0 kg,magico
gothitelle,576,psiquico,ninguno,5,negro - morado,3,1.1 m,44.0 kg,magico
solosis,577,psiquico,ninguno,5,verde,1,0.3 m,1.0 kg,muro magico
duosion,578,psiquico,ninguno,5,verde,2,0.6 m,13.0 kg,muro magico
reuniclus,579,psiquico,ninguno,5,verde,3,1.0 m,20.1 kg,muro magico
ducklett,580,agua,volador,5,azul,1,0.5 m,3.6 kg,velo agua
swanna,581,agua,volador,5,azul - blanco,2,1.3 m,24.05 kg,velo agua
vanillite,582,hielo,ninguno,5,azul - blanco,1,0.4 m,5.7 kg,absorbe hielo
vanillish,583,hielo,ninguno,5,azul - blanco,2,1.1 m,23.5 kg,absorbe hielo
vanilluxe,584,hielo,ninguno,5,azul - blanco,3,1.3 m,57.5 kg,absorbe hielo
deerling,585,normal,planta,5,beige - rosa,1,0.6 m,19.3 kg,clorofila
sawsbuck,586,normal,planta,5,cafe - rosa,2,1.5 m,92.5 kg,clorofila
emolga,587,electrico,volador,5,negro - blanco,1,0.4 m,5.0 kg,electricidad estatica
karrablast,588,bicho,ninguno,5,azul,1,0.8 m,4.0 kg,enjambre
escavalier,589,bicho,acero,5,gris - rojo,2,1.7 m,70.5 kg,enjambre
foongus,590,planta,veneno,5,blanco - rojo,1,0.2 m,1.0 kg,efecto espora
amoonguss,591,planta,veneno,5,blanco - rojo,2,0.6 m,10.5 kg,efecto espora
frillish,592,agua,fantasma,5,rosa,1,1.2 m,33.0 kg,absorbe agua
jellicent,593,agua,fantasma,5,rosa,2,2.2 m,135.0 kg,absorbe agua
alomomola,594,agua,ninguno,5,rosa,1,0.6 m,78.0 kg,regeneracion
joltik,595,bicho,electrico,5,amarillo,1,0.8 m,0.6 kg,ojo compuesto
galvantula,596,bicho,electrico,5,amarillo - azul,2,1.6 m,142.8 kg,ojo compuesto
ferroseed,597,planta,acero,5,verde - gris,1,0.6 m,18.8 kg,puño ferreo
ferrothorn,598,planta,acero,5,verde - gris,2,1.0 m,110.0 kg,puño ferreo
klink,599,acero,ninguno,5,gris,1,0.6 m,21.0 kg,mas
klang,600,acero,ninguno,5,gris,2,0.9 m,81.0 kg,mas
klinklang,601,acero,ninguno,5,gris,3,1.0 m,130.0 kg,mas
tynamo,602,electrico,ninguno,5,blanco,1,0.2 m,6.0 kg,levitacion
eelektrik,603,electrico,ninguno,5,azul - amarillo,2,0.6 m,22.0 kg,levitacion
eelektross,604,electrico,ninguno,5,azul - amarillo,3,2.1 m,80.5 kg,levitacion
elgyem,605,psiquico,ninguno,5,azul,1,1.0 m,17.0 kg,telepatia
beheeyem,606,psiquico,ninguno,5,cafe,2,1.5 m,34.5 kg,telepatia
litwick,607,fantasma,fuego,5,blanco - azul,1,0.4 m,3.0 kg,absorbe fuego
lampent,608,fantasma,fuego,5,negro - azul,2,0.9 m,13.0 kg,absorbe fuego
chandelure,609,fantasma,fuego,5,negro - azul,3,1.6 m,34.0 kg,absorbe fuego
axew,610,dragon,ninguno,5,verde,1,0.6 m,18.0 kg,rivalidad
fraxure,611,dragon,ninguno,5,verde - negro,2,1.0 m,36.0 kg,rivalidad
haxorus,612,dragon,ninguno,5,amarillo - negro,3,1.8 m,105.5 kg,rivalidad
cubchoo,613,hielo,ninguno,5,azul - blanco,1,0.5 m,8.5 kg,fuga
beartic,614,hielo,ninguno,5,azul - blanco,2,2.6 m,130.0 kg,manto niveo
cryogonal,615,hielo,ninguno,5,azul - blanco,1,1.1 m,148.0 kg,manto niveo
shelmet,616,bicho,ninguno,5,rosa - gris,1,0.4 m,7.7 kg,hidratacion
accelgor,617,bicho,ninguno,5,rosa - azul,2,0.8 m,25.3 kg,hidratacion
stunfisk,618,tierra,electrico,5,cafe - amarillo,1,0.7 m,109.0 kg,flexibilidad
mienfoo,619,lucha,ninguno,5,amarillo - rosa,1,0.9 m,20.0 kg,regeneracion
mienshao,620,lucha,ninguno,5,morado - blanco,2,1.4 m,48.0 kg,regeneracion
druddigon,621,dragon,ninguno,5,azul - rojo,1,1.0 m,139.0 kg,piel tosca
golett,622,tierra,fantasma,5,azul - cafe,1,0.8 m,88.8 kg,puño ferreo
golurk,623,tierra,fantasma,5,azul - cafe,2,2.5 m,165.0 kg,puño ferreo
pawniard,624,siniestro,acero,5,rojo - negro,1,0.5 m,10.2 kg,defiant
bisharp,625,siniestro,acero,5,rojo - negro,2,1.6 m,70.0 kg,defiant
bouffalant,626,normal,ninguno,5,cafe,1,1.6 m,94.6 kg,herbivoro
rufflet,627,normal,volador,5,gris - blanco,1,0.5 m,10.5 kg,vista lince
braviary,628,normal,volador,5,negro - rojo,2,1.5 m,41.0 kg,vista lince
vullaby,629,siniestro,volador,5,rosa - cafe,1,0.5 m,39.5 kg,sacapecho
mandibuzz,630,siniestro,volador,5,rosa - cafe,2,1.1 m,110.0 kg,sacapecho
heatmor,631,fuego,ninguno,5,gris - rojo,1,1.4 m,58.0 kg,absorbe fuego
durant,632,bicho,acero,5,gris,1,0.3 m,33.0 kg,enjambre
deino,633,siniestro,dragon,5,negro - azul,1,0.6 m,17.3 kg,entusiasmo
zweilous,634,siniestro,dragon,5,negro - azul,2,1.4 m,32.0 kg,entusiasmo
hydreigon,635,siniestro,dragon,5,negro - azul,3,1.8 m,160.0 kg,levitacion
larvesta,636,bicho,fuego,5,blanco - rojo,1,0.3 m,10.5 kg,cuerpo llama
volcarona,637,bicho,fuego,5,blanco - rojo,2,1.5 m,59.0 kg,cuerpo llama
cobalion,638,acero,lucha,5,azul,1,2.0 m,250.0 kg,puño ferreo
terrakion,639,roca,lucha,5,gris,1,2.0 m,300.0 kg,puño ferreo
virizion,640,planta,lucha,5,verde,1,3.6 m,200.0 kg,justiciero
tornadus,641,volador,ninguno,5,verde - morado,1,1.5 m,63.0 kg,bromista
thundurus,642,electrico,volador,5,azul - negro,1,1.0 m,61.0 kg,regeneracion
reshiram,643,dragon,fuego,5,blanco,1,3.2 m,120.0 kg,presion
zekrom,644,dragon,electrico,5,negro,1,2.9 m,153.0 kg,presion
landorus,645,tierra,volador,5,naranja,1,1.3 m,68.0 kg,velo arena
kyurem,646,dragon,hielo,5,gris - azul,1,3.3 m,325.0 kg,presion
keldeo,647,agua,lucha,5,beige - azul,1,0.6 m,48.5 kg,justiciero
meloetta,648,normal,psiquico,5,verde - negro,1,0.6 m,6.2 kg,cura natural
genesect,649,bicho,acero,5,morado,1,1.2 m,42.5 kg,calco
espeon,196,psiquico,ninguno,2,morado,2,0.9 m,26.5 kg,sincronia
milotic,350,agua,ninguno,3,beige - rosa,2,6.0 m,27.3 kg,escama especial
gardevoir,282,psiquico,hada,3,blanco - verde,3,1.6 m,48.4 kg,calco
